{
  "project_info": {
    "project_number": "695304839792",
    "firebase_url": "https://uniride-d5a21.firebaseio.com",
    "project_id": "uniride-d5a21",
    "storage_bucket": "uniride-d5a21.appspot.com"
  },
  "client": [
    {
      "client_info": {
        "mobilesdk_app_id": "1:695304839792:android:2fedd49d850671cb",
        "android_client_info": {
          "package_name": "com.sjsu.se195.uniride"
        }
      },
      "oauth_client": [
        {
          "client_id": "695304839792-ke4uq98smku8qcvm6lica3339qduv6p3.apps.googleusercontent.com",
          "client_type": 3
        }
      ],
      "api_key": [
        {
          "current_key": "AIzaSyAZJn-XFJo3OVHMP_sSPcsxt7eL_sF47HI"
        }
      ],
      "services": {
        "appinvite_service": {
          "other_platform_oauth_client": [
            {
              "client_id": "695304839792-ke4uq98smku8qcvm6lica3339qduv6p3.apps.googleusercontent.com",
              "client_type": 3
            }
          ]
        }
      }
    }
  ],
  "configuration_version": "1"
}